Subjects,x_Jaw_1,y_Jaw_1,x_Jaw_2,y_Jaw_2,x_Jaw_3,y_Jaw_3,x_Jaw_4,y_Jaw_4,x_Jaw_5,y_Jaw_5,x_Jaw_6,y_Jaw_6,x_Jaw_7,y_Jaw_7,x_Jaw_8,y_Jaw_8,x_Jaw_9,y_Jaw_9,x_Jaw_10,y_Jaw_10,x_Jaw_11,y_Jaw_11,x_Jaw_12,y_Jaw_12,x_Jaw_13,y_Jaw_13,x_Jaw_14,y_Jaw_14,x_Jaw_15,y_Jaw_15,x_Jaw_16,y_Jaw_16,x_Jaw_17,y_Jaw_17,x_Right_Eyebrow_18,y_Right_Eyebrow_18,x_Right_Eyebrow_19,y_Right_Eyebrow_19,x_Right_Eyebrow_20,y_Right_Eyebrow_20,x_Right_Eyebrow_21,y_Right_Eyebrow_21,x_Right_Eyebrow_22,y_Right_Eyebrow_22,x_Left_Eyebrow_23,y_Left_Eyebrow_23,x_Left_Eyebrow_24,y_Left_Eyebrow_24,x_Left_Eyebrow_25,y_Left_Eyebrow_25,x_Left_Eyebrow_26,y_Left_Eyebrow_26,x_Left_Eyebrow_27,y_Left_Eyebrow_27,x_Nose_28,y_Nose_28,x_Nose_29,y_Nose_29,x_Nose_30,y_Nose_30,x_Nose_31,y_Nose_31,x_Nose_32,y_Nose_32,x_Nose_33,y_Nose_33,x_Nose_34,y_Nose_34,x_Nose_35,y_Nose_35,x_Nose_36,y_Nose_36,x_Right_Eye_37,y_Right_Eye_37,x_Right_Eye_38,y_Right_Eye_38,x_Right_Eye_39,y_Right_Eye_39,x_Right_Eye_40,y_Right_Eye_40,x_Right_Eye_41,y_Right_Eye_41,x_Right_Eye_42,y_Right_Eye_42,x_Left_eye_43,y_Left_eye_43,x_Left_eye_44,y_Left_eye_44,x_Left_eye_45,y_Left_eye_45,x_Left_eye_46,y_Left_eye_46,x_Left_eye_47,y_Left_eye_47,x_Left_eye_48,y_Left_eye_48,x_Mouth_49,y_Mouth_49,x_Mouth_50,y_Mouth_50,x_Mouth_51,y_Mouth_51,x_Mouth_52,y_Mouth_52,x_Mouth_53,y_Mouth_53,x_Mouth_54,y_Mouth_54,x_Mouth_55,y_Mouth_55,x_Mouth_56,y_Mouth_56,x_Mouth_57,y_Mouth_57,x_Mouth_58,y_Mouth_58,x_Mouth_59,y_Mouth_59,x_Mouth_60,y_Mouth_60,x_Mouth_61,y_Mouth_61,x_Mouth_62,y_Mouth_62,x_Mouth_63,y_Mouth_63,x_Mouth_64,y_Mouth_64,x_Mouth_65,y_Mouth_65,x_Mouth_66,y_Mouth_66,x_Mouth_67,y_Mouth_67,x_Mouth_68,y_Mouth_68,Jaw_Width_Px,Upper_Nose_Lower_Chin,Left_Eye_Width,Right_Eye_Width,Inner_Canthi,Outer_Canthi,Age,Gender,Height,Head circumference,Nasion â€“ Inion,Eye_correction_Left,Eye_correction_Right,Laterality_Index_Handedness,Decile_Handedness,Augmented_(15_item)_index,Mother_tongue,Familiarity_with_fast_displays,Familiarity with BCI
S01,193,223,191,241,193,259,197,277,200,295,207,311,218,324,234,333,254,336,274,335,291,330,304,320,313,305,319,288,324,271,328,252,328,235,201,199,209,189,222,185,235,185,247,191,274,192,287,187,301,188,313,192,321,203,261,205,261,216,261,227,260,239,245,254,252,257,259,259,266,257,272,255,210,214,218,208,229,207,238,213,229,215,219,216,281,215,292,210,302,210,309,217,301,218,291,217,229,281,240,274,251,270,258,272,266,271,276,276,288,284,276,291,265,293,257,293,249,292,239,288,234,281,250,280,258,281,265,281,284,284,265,282,258,282,250,280,367.491496500259,14.947952154137,3.53090968641575,3.27957339131575,4.70295581627642,11.4962048049214,30,Female,176,56,37,500,550,75,4th_right,76.67,French,3,1
S02,151,314,156,349,169,384,185,417,202,447,224,475,247,500,274,520,305,526,337,519,366,499,390,468,411,432,424,392,429,349,428,304,421,262,157,277,166,257,186,248,209,246,232,251,285,241,310,229,337,224,365,227,386,240,266,287,269,317,271,348,273,378,251,396,265,402,281,405,297,398,312,391,184,306,198,296,216,293,236,300,218,307,199,310,309,289,325,276,344,272,363,277,349,288,329,291,241,450,254,438,271,432,287,435,303,429,327,432,350,439,332,462,310,473,293,475,275,474,258,467,249,450,272,448,288,449,306,446,342,441,307,449,290,452,273,450,338.053250243212,15.2742092641439,3.52205026923918,3.37259387323132,4.57687825199489,11.4672684777539,30,Male,176,57,38,250,225,95,9th-right,90,French,2,1
S03,161,176,163,203,170,230,179,255,189,281,202,305,217,328,233,349,256,355,282,353,305,338,325,316,343,290,354,260,361,229,367,197,367,164,160,162,170,150,187,148,205,151,223,158,264,156,285,146,308,140,333,144,349,160,243,178,243,206,241,234,240,261,223,263,233,270,245,275,258,270,271,265,180,180,190,174,205,174,221,181,205,186,190,186,281,181,295,172,311,170,326,176,313,185,297,185,213,293,224,294,236,293,248,298,260,295,277,298,297,297,279,312,263,319,250,319,237,316,225,307,219,296,237,300,248,304,261,302,290,299,261,302,249,304,237,300,407.001228499374,14.5383766221793,3.67008323551452,3.29899452138505,5.00822340074708,11.970756814337,25,Male,181,58,36,200,200,100,10th-right,100,Spanish,3,0
S04,182,115,184,128,189,140,196,152,204,162,212,172,221,180,230,186,242,187,255,183,268,174,279,164,289,151,294,136,294,119,291,102,286,86,180,95,182,90,188,88,195,87,202,89,218,84,227,77,238,74,250,74,261,78,214,99,215,108,216,118,217,128,211,137,217,138,223,139,229,136,235,133,188,105,192,102,198,101,205,104,199,106,192,107,234,98,239,93,246,91,254,92,248,96,241,98,213,159,217,154,221,150,227,150,231,148,241,149,253,151,245,160,237,165,231,167,225,167,219,164,216,159,223,157,228,156,233,155,249,152,234,155,229,156,224,157,367.005449550821,13.7548128512416,3.13346845777764,2.59977317277709,4.47839743066093,10.2096877806873,25,Male,170,57.5,37,600,600,-30,1st-left,-26.67,Chinese,2,0
S05,102,401,107,434,116,467,132,498,157,522,185,542,211,561,237,577,262,577,288,564,309,537,328,508,347,476,359,441,360,403,356,366,349,329,106,363,115,348,131,340,150,338,167,343,215,333,232,316,254,306,279,302,304,309,200,375,204,406,207,436,210,466,189,473,204,477,221,481,239,470,254,460,126,396,137,389,153,385,170,389,155,393,141,397,242,371,253,359,269,353,288,352,274,361,258,367,179,499,195,495,213,492,231,492,248,484,275,477,302,470,286,514,264,537,245,544,226,544,204,531,187,502,216,503,234,502,251,495,295,476,258,515,240,522,221,522,396.045451937022,12.3717195479025,3.05169296110374,2.84206285935213,4.5254545475689,10.3839041812039,23,Female,163,56,35,850,900,80,5th-right,86.67,Chinese,1,1
S06,143,256,144,280,148,307,157,335,168,361,184,383,201,404,219,422,244,429,275,424,303,408,329,386,351,362,364,332,370,298,372,261,368,225,143,216,151,204,165,202,180,205,193,212,233,208,251,195,273,188,295,187,317,195,216,239,215,263,214,286,213,309,199,324,210,329,223,331,237,327,251,322,159,251,168,244,181,242,194,248,182,252,169,254,253,241,266,230,281,227,298,231,285,239,269,241,194,359,202,354,214,350,226,353,238,349,260,353,286,357,264,376,244,385,230,386,217,383,205,374,199,361,215,363,227,365,240,364,279,360,241,364,228,366,215,364,378.825817494003,13.6349415661061,3.34383569538136,2.5378656840963,4.14513479339388,10.0184179774238,25,Female,168,57,33,0,0,25,Middle,33.33,Chinese,3,0
S07,223,126,224,141,228,156,233,170,239,184,248,196,256,208,266,219,278,224,293,223,308,215,321,205,334,192,342,177,347,161,350,143,351,124,224,118,230,112,240,111,249,114,259,119,278,118,291,113,305,110,320,112,331,119,270,132,269,143,268,155,267,167,259,173,264,175,270,176,277,175,284,175,235,132,241,130,249,130,256,133,249,135,241,135,292,134,300,131,308,131,317,133,309,136,300,136,256,192,262,189,268,187,272,189,277,188,286,191,297,193,287,201,279,204,273,204,268,203,262,199,259,192,268,193,273,194,278,194,293,194,278,195,273,195,268,194,366.087421253449,12.1759656432513,3.25917468854201,2.84278225296138,4.81549349306801,10.8979064945642,20,Male,165,58,36,200,150,60,2nd-right,66.67,Chinese,3,1
S08,167,152,171,177,179,201,188,223,201,242,218,259,237,274,256,287,275,290,296,286,315,273,332,254,346,232,354,207,358,181,360,155,359,128,173,132,184,119,201,116,219,118,236,124,272,118,289,107,308,101,328,102,343,112,259,147,261,169,263,190,265,211,245,220,256,223,268,225,280,221,290,216,194,156,204,152,217,150,231,155,218,158,205,159,289,148,300,140,313,137,327,139,316,145,303,148,235,245,249,246,261,244,270,247,279,243,294,243,309,240,295,256,282,263,272,265,262,263,250,258,241,247,262,250,271,252,280,250,304,243,280,251,271,253,261,251,298.377277955276,11.3429812022515,3.00502461298097,2.77044931780475,4.4706733393279,10.2070758149263,38,Female,160,53,31,500,500,90,7th-right,73.33,Chinese,3,0
S09,184,164,187,195,195,226,204,254,217,281,234,308,252,333,274,351,300,355,324,346,343,324,360,299,375,270,383,241,387,210,389,179,387,148,195,173,207,163,225,161,244,164,263,171,303,166,321,155,341,147,360,145,375,155,284,192,285,218,285,243,286,269,263,268,275,274,289,280,303,272,315,263,218,193,230,192,243,190,257,193,244,197,230,198,314,187,328,182,342,180,354,179,344,187,329,189,249,288,263,296,278,298,290,300,301,296,317,290,336,276,320,302,305,314,292,318,279,317,263,307,254,292,279,303,291,305,302,302,330,283,303,300,291,303,279,302,202.35612172603,13.3328587226198,3.25313841295507,3.17541452594621,4.99895446323424,11.4139104282809,29,Male,185,59,38,175,150,75,4th-right,76.67,Persian,3,1
S10,159,255,169,291,182,324,198,356,219,386,245,412,269,436,297,456,327,457,355,447,374,422,389,390,402,355,410,317,413,278,413,236,409,195,158,242,174,227,197,226,221,230,245,238,296,223,318,204,343,191,371,184,394,194,281,260,287,293,293,325,300,358,269,362,286,368,304,372,319,363,332,353,192,269,207,261,228,259,245,269,227,277,207,279,315,255,330,237,352,231,370,234,358,251,337,256,259,391,277,394,293,393,306,395,319,389,337,385,359,376,343,402,328,416,313,420,297,420,280,411,266,394,295,399,308,400,322,395,351,381,323,397,309,403,295,401,373.108563289561,12.5693901886615,3.62481530161682,3.35612256218328,4.50352765814954,11.3652791937329,28,Male,186,56,37,200,100,100,10th-right,100,French,3,0
S11,170,259,178,292,190,322,204,350,222,372,246,391,268,407,288,422,311,423,337,416,361,397,384,375,404,349,417,319,422,285,423,249,420,213,173,234,185,223,202,220,222,220,242,225,285,216,308,206,333,202,360,200,385,206,271,254,274,283,277,311,279,339,262,347,273,352,286,354,300,348,312,341,198,264,210,256,228,254,243,264,228,269,211,270,311,254,323,240,342,236,361,240,347,252,328,256,256,376,269,375,280,372,291,375,303,370,321,370,345,365,327,383,310,393,297,395,285,395,272,389,262,378,282,380,293,380,305,377,339,368,306,378,294,381,283,380,400.244925014671,10.9746951544086,3.30388820557386,3.08021004178307,4.35590425378826,10.6778171762548,29,Female,170,54,33,100,100,75,4th-right,76.67,Chinese,2,1
S12,149,244,152,274,159,303,167,334,182,361,202,385,226,405,252,422,281,424,309,417,334,395,356,370,373,341,381,311,386,280,388,250,387,219,160,210,171,195,188,188,208,186,226,193,283,183,305,171,327,166,350,169,368,183,260,225,262,248,263,271,264,294,245,315,256,318,267,320,279,315,290,310,182,246,195,237,211,234,227,240,213,248,196,251,296,231,311,220,329,217,343,223,332,232,314,234,227,359,242,351,256,344,267,347,279,341,299,346,319,350,302,368,286,378,273,381,260,380,245,372,235,360,257,358,269,359,281,356,311,353,283,357,271,359,259,358,349.022921883363,13.1472140415365,3.20807325683802,3.06293210705617,4.50798939653107,10.7765588851781,24,Female,165,55,35,75,50,85,6th-right,83.33,Russian,3,1
S13,203,150,208,171,215,191,225,210,237,226,252,241,267,253,284,262,302,262,320,256,334,243,348,226,358,206,363,184,365,160,363,136,359,112,209,129,216,120,227,116,240,115,252,117,289,109,300,99,314,95,328,93,341,98,276,138,279,155,282,171,285,188,271,200,280,201,290,202,298,197,306,193,226,152,234,148,243,146,255,148,246,152,236,154,300,137,308,131,318,128,328,127,321,134,311,137,266,224,275,220,284,216,292,217,300,213,310,213,322,213,314,225,305,232,296,234,287,235,277,232,270,224,285,223,294,223,302,221,318,215,302,220,294,223,285,223,400.00499996875,12.6244880981836,2.98989957552037,2.98573865188882,4.64154912042076,10.5858951450324,23,Male,179,57,37,425,375,-40,1st-left,-46.67,Chinese,2,1
S14,97,275,100,304,107,336,119,367,133,396,153,421,175,446,197,465,226,471,259,464,291,446,321,422,347,393,363,359,369,322,370,283,368,246,96,229,108,217,126,216,146,218,166,224,216,217,242,206,270,202,297,206,320,219,197,266,197,290,197,314,196,339,178,356,190,360,203,363,216,360,230,357,121,272,133,266,150,265,166,274,150,279,133,280,243,269,257,259,276,257,295,262,279,272,260,274,173,403,182,396,193,392,205,397,218,392,238,397,260,402,242,420,224,427,209,428,196,426,184,417,180,404,194,406,207,408,220,407,253,404,221,406,208,407,195,404,386.032382061402,13.3336356865059,3.35191238693078,2.90213900633965,4.78568290453603,11.0161002708188,27,Male,180,61,39,300,300,95,9th-right,96.67,Chinese,2,1
S15,72,306,80,341,92,376,109,409,130,438,155,465,179,487,203,505,231,507,257,498,279,475,297,444,313,410,325,374,330,335,332,296,327,257,73,274,83,253,104,243,128,242,151,248,204,240,228,227,256,223,283,229,302,244,185,291,189,323,192,354,195,386,172,402,187,405,203,407,218,400,233,394,101,306,113,296,132,294,150,303,134,310,115,312,230,292,244,277,263,274,282,279,268,290,248,294,170,444,183,440,196,433,208,436,220,429,238,431,259,431,243,449,228,461,215,464,202,464,188,457,176,445,198,445,211,446,223,442,252,433,223,442,211,447,199,446,379.084423314913,12.838543002531,3.1364504161372,2.89380190979685,4.67383751119034,10.6655473252831,24,Female,170,53,34,750,750,90,7th-right,93.33,Chinese,3,0
S16,72,269,78,313,89,355,106,395,133,427,164,451,194,471,224,486,255,489,285,481,314,462,342,437,369,406,391,368,400,325,403,276,400,228,89,252,102,227,129,217,159,216,190,223,251,215,281,198,314,189,347,193,369,212,224,271,226,307,227,342,229,376,196,385,215,392,236,396,256,387,275,378,129,284,144,276,164,272,183,279,166,286,146,288,274,267,290,253,312,249,334,252,317,263,295,267,196,434,212,429,226,423,239,426,251,421,273,425,298,426,277,447,257,456,243,457,230,456,214,449,204,435,228,434,240,434,253,432,289,429,253,434,240,436,228,435,408.354013081787,12.1977391207198,3.26530734630459,2.98178937824547,5.08240093241684,11.3059020038844,22,Male,172,60,34,900,800,95,9th-right,90,Chinese,3,0
S17,105,335,110,366,119,398,133,428,151,455,171,480,191,501,215,518,242,522,270,514,296,496,321,471,343,443,358,411,364,375,365,335,361,295,113,319,126,311,142,309,162,311,180,315,226,305,249,290,274,281,301,280,325,288,209,341,211,368,212,394,213,421,193,433,206,436,221,439,235,433,249,427,137,350,149,349,165,346,183,349,167,355,151,357,252,339,268,333,285,330,304,329,288,339,271,342,187,475,199,471,213,467,224,469,235,464,254,466,275,467,257,480,241,488,229,491,217,490,202,486,193,476,214,478,226,479,238,476,267,469,238,470,226,473,215,472,346.301891418456,12.7854105590928,3.54587003440056,3.07040108944754,5.03679279416696,11.6440898722687,24,Male,186,61,39,400,400,-25,Middle,-26.67,Chinese,2,1
S18,100,313,110,349,123,384,143,420,171,448,201,475,231,499,263,519,297,519,330,505,351,473,365,434,378,393,385,352,385,309,382,268,373,229,105,265,114,245,133,236,155,234,181,239,231,224,258,204,287,190,319,187,345,204,216,270,222,304,227,338,232,372,214,383,229,388,247,390,263,380,276,368,138,298,148,286,166,278,187,283,171,294,153,300,266,261,280,248,300,241,319,246,305,258,285,262,214,431,227,424,240,419,259,418,274,411,295,406,322,402,307,428,289,446,272,452,253,453,235,447,222,431,244,429,262,428,278,422,313,407,281,424,265,430,247,430,364.1661708616,15.9009727323645,3.62677933592278,3.26490700879733,4.9194646269163,11.8092759893485,26,Male,182,57,37,175,175,80,5th-right,86.67,English,3,1
S19,118,350,123,373,129,395,139,416,153,436,169,456,185,473,201,490,219,496,243,490,263,473,282,449,299,424,310,396,312,365,310,333,306,301,111,332,116,321,128,319,143,321,158,325,190,316,208,303,229,293,252,292,272,300,176,342,176,366,176,391,176,415,167,419,176,425,187,427,200,420,212,413,130,352,138,346,151,344,164,349,152,354,139,356,213,339,224,328,239,324,254,326,243,337,228,340,168,439,179,446,187,446,196,447,206,443,226,438,253,425,233,449,214,459,203,461,194,461,184,454,174,443,189,451,198,451,208,448,246,431,211,447,200,449,191,448,344.524309737354,13.198447683083,3.67675445553946,2.91469419704111,4.06633167913863,10.5885126154988,32,Male,180,57,36,0,0,55,1st-right,50,French,3,0
S20,78,350,88,385,98,419,113,451,134,478,162,500,189,523,215,546,246,551,278,539,305,512,329,480,351,446,362,410,363,371,361,329,354,288,74,337,86,322,106,318,128,317,151,321,202,310,228,295,256,287,287,285,313,296,186,351,189,380,192,409,195,438,171,441,187,447,206,452,225,441,241,431,106,367,118,358,135,354,154,360,138,366,120,370,233,345,247,333,266,328,287,330,271,340,252,344,165,462,181,466,199,465,215,466,231,459,258,451,291,436,269,475,246,494,227,499,210,499,189,488,174,466,202,476,218,476,235,470,282,444,240,472,223,477,206,476,394.126883122682,11.7693582529357,3.08770360962362,2.73082088498611,4.54838991867956,10.3548614170976,27,Female,159,56,33,350,350,100,10th-decile,96.67,Chinese,2,0
S21,141,228,140,257,142,285,146,314,157,341,174,365,195,382,220,396,247,400,273,396,295,380,314,361,327,337,334,311,339,286,343,260,344,234,160,204,174,189,194,184,215,189,234,198,275,197,293,190,312,186,329,191,338,205,257,222,257,245,259,267,260,290,232,301,244,305,256,310,268,306,278,301,179,226,192,220,207,220,221,229,207,233,191,233,280,230,294,222,309,222,320,229,310,235,295,235,206,341,225,334,243,330,253,334,265,331,279,337,291,343,278,355,264,359,252,360,240,358,223,353,213,342,241,342,253,344,264,342,285,343,264,343,253,344,242,342,373.642877625146,13.9148189956359,3.32356485855012,3.33949257690047,4.43217369179803,11.0898086253826,36,Female,178,55,38,100,100,40,middle,33.33,French,2,0
S22,190,236,191,265,197,293,207,322,219,350,230,379,244,405,263,426,288,431,319,427,349,410,374,386,395,355,409,322,416,287,418,250,415,213,187,210,197,200,211,197,228,200,244,209,286,206,307,192,332,184,358,184,380,194,268,227,267,254,266,281,265,308,251,317,262,322,274,326,288,320,301,314,206,233,215,226,229,225,245,233,230,237,216,238,312,227,325,214,341,212,358,217,344,225,328,227,232,357,248,353,263,349,277,351,291,347,310,346,333,347,313,368,294,377,280,380,265,379,249,373,238,357,265,357,279,358,292,355,326,350,292,359,279,362,264,362,394.126883122682,11.9211602688986,3.47145531655752,2.90307548261633,4.67219670393143,11.000778391577,35,Male,184,57,34,0,0,75,4th-right,70,French,2,0
S23,178,271,180,304,188,336,199,369,214,403,229,436,247,466,267,489,295,496,329,492,359,470,387,442,411,408,428,370,436,330,440,288,440,245,169,252,182,235,203,232,229,235,254,243,293,234,323,221,355,212,389,213,414,230,276,267,276,299,275,330,274,363,251,367,265,375,282,380,299,374,315,366,199,275,211,268,229,266,249,273,231,279,212,281,325,267,342,255,363,253,382,258,366,269,345,270,242,410,257,407,271,405,283,408,297,404,318,404,341,407,320,428,301,437,287,439,274,437,259,429,249,412,273,413,285,414,299,412,333,409,298,418,285,421,272,419,384.419042192241,14.4686962006376,3.57898408683803,3.05288946568935,4.74954801124501,11.3765007716685,23,Male,182,57,37,550,550,100,10th-right,100,French,2,0
S24,127,294,131,332,141,368,154,400,171,430,191,455,214,474,238,488,265,491,293,486,318,470,341,449,361,422,374,391,383,356,389,318,390,276,136,282,155,270,180,275,204,285,228,296,275,292,298,278,322,262,350,257,372,266,253,320,255,353,256,385,258,417,232,419,246,426,261,430,277,423,290,416,164,318,181,316,200,316,217,323,200,328,180,328,298,318,315,308,333,306,350,307,336,320,317,322,229,457,243,459,253,455,264,459,274,455,287,457,304,454,287,457,274,459,263,459,252,459,243,458,236,457,253,465,264,467,275,465,297,455,273,439,263,440,252,439,375,11.1485529894977,3.45197994124231,3.40749722159722,5.03546932377287,11.8228180287354,30,Male,178,59,35,800,800,100,10th-right,100,Chinese,3,1
S25,151,309,153,342,160,376,168,408,182,437,202,463,226,484,251,501,281,505,312,499,339,480,362,455,381,427,394,394,398,359,398,323,393,287,163,299,175,285,194,281,215,282,235,290,279,282,303,270,327,264,351,268,369,280,261,313,262,340,264,367,266,393,242,400,255,407,270,410,285,404,298,398,188,321,201,315,217,314,232,319,217,325,201,327,297,311,311,302,328,300,343,303,330,312,313,314,227,434,244,432,258,431,269,434,282,429,298,428,317,426,301,442,286,450,272,452,259,452,244,447,233,435,259,438,271,439,284,436,311,428,284,437,270,441,258,440,293.334280301502,14.9813526851065,3.45999246719238,3.16279311335787,4.94352810660585,11.56251017963,26,Male,185,59,38,0,-200,80,5th-right,86.67,French,3,0
S26,126,244,135,276,148,306,164,336,182,365,202,390,225,410,250,425,278,425,304,415,325,394,343,367,358,336,367,303,370,267,369,231,364,195,126,211,136,193,156,189,178,192,200,197,252,187,272,168,296,153,323,150,344,163,235,219,238,248,242,276,245,304,221,318,236,324,253,326,268,318,281,310,152,236,165,224,184,221,202,231,185,237,166,241,275,218,290,200,310,195,326,202,315,215,295,219,218,371,232,363,247,357,260,359,274,352,294,352,314,352,300,374,283,387,267,392,253,392,237,386,225,372,249,369,262,370,277,365,307,356,278,367,264,372,250,372,368.305579648205,14.0749254631887,3.52691786124023,3.28286570865408,4.86417446508519,11.6323443371887,33,Male,182,57,38,0,0,100,10th-right,100,French,3,0
S27,62,283,69,340,83,395,106,447,137,491,172,528,203,565,236,596,274,603,318,596,358,570,397,537,435,497,465,448,481,390,490,329,494,266,74,248,91,219,126,212,164,219,199,234,275,235,319,219,363,211,409,217,440,244,241,295,240,343,239,390,238,436,200,441,221,453,245,463,271,453,295,445,117,298,138,292,164,292,188,303,163,307,137,307,311,303,337,292,365,292,392,298,368,308,339,308,198,504,215,496,234,492,252,499,272,493,301,499,332,506,305,537,277,552,255,553,234,548,217,530,208,506,234,511,253,515,275,512,319,508,274,515,253,517,234,512,472.560049094292,11.9163864157063,3.11101401258141,2.63363892189504,4.82527595289249,10.54610534899,25,Male,175,57,33,300,200,35,middle,23.33,Chinese,3,1
S28,162,297,165,318,170,337,178,357,189,374,203,390,218,404,234,415,253,416,273,412,293,399,312,383,327,364,337,343,341,318,342,294,341,269,159,274,168,264,182,263,197,267,211,273,249,267,266,256,285,249,305,249,321,258,232,286,233,306,234,325,234,345,220,349,229,354,240,357,250,352,260,348,178,291,187,285,200,284,212,291,200,295,187,297,264,286,275,275,290,273,302,278,292,287,278,288,215,376,224,373,234,372,244,374,254,370,267,370,282,370,270,384,257,392,246,393,236,392,226,386,220,377,235,379,245,381,255,378,277,372,255,378,245,381,235,379,355.114066181558,11.0802981150171,3.26892094441542,2.93161317937123,4.47586441706347,10.6458856929285,32,Female,160,54,34,NA,NA,100,10th-right,96.67,French,1,0
S29,132,265,139,300,149,335,163,369,184,397,212,421,239,442,264,462,291,463,318,453,341,429,363,402,383,371,395,336,398,297,397,256,390,216,146,248,157,232,176,226,199,225,221,229,268,216,290,199,314,190,340,189,363,200,250,252,253,279,256,307,259,335,238,351,252,354,268,357,283,348,296,341,175,270,188,261,206,256,222,263,208,270,190,274,290,248,304,234,322,228,339,232,328,244,309,248,222,386,242,388,258,385,271,387,285,381,306,379,334,370,311,396,292,409,277,413,263,413,245,405,230,389,260,394,273,394,287,390,326,376,288,391,274,396,261,395,382.378085146102,14.8225098756236,3.51830371076637,3.23716622897323,4.81575277399323,11.5597212488363,32,Male,168,57,36,0,0,65,2nd-right,73.33,French,3,0
S30,120,263,121,296,124,331,134,365,152,396,173,421,195,441,214,461,239,466,267,461,297,445,331,424,363,398,387,365,400,327,407,285,409,242,128,230,139,215,157,208,179,211,199,220,247,211,275,194,306,184,338,191,362,208,227,250,225,276,221,301,218,327,202,346,214,352,228,356,245,351,262,346,152,261,165,250,183,248,199,259,184,265,166,266,276,252,292,237,312,235,330,243,316,252,295,254,192,397,209,391,223,386,233,390,247,387,267,393,293,396,267,411,247,417,232,418,221,415,208,409,199,397,223,396,234,398,247,397,284,398,245,400,232,401,221,399,418.144711792461,12.58900128974,3.19455053734237,2.83155559931524,4.52101640680142,10.5383147723309,57,Female,170,56,34,NA,NA,50,1st-right,60,French,2,0
S31,130,261,135,295,149,327,166,358,183,387,201,416,221,441,247,461,276,466,313,460,346,438,372,410,391,376,404,337,407,292,408,246,403,199,120,218,131,205,148,204,167,209,187,218,250,209,275,190,303,176,335,171,364,181,225,256,227,291,228,325,230,359,207,363,224,372,243,377,262,366,280,355,145,263,158,255,177,254,197,262,178,269,160,273,276,250,292,236,314,231,336,235,319,250,297,253,218,409,229,403,239,396,250,399,263,393,285,395,311,397,291,422,272,432,258,435,246,434,233,427,226,410,241,412,253,413,266,410,300,400,267,403,254,406,243,405,367.642489383368,12.664260438761,3.85975032894494,3.32350806897573,4.26731892025947,11.4189280886117,28,Male,186,57,36,NA,NA,80,5th-right,80,English/French,2,0
,,,,,,,,,,,,,,,,,,,,,,,,,,,,,,,,,,,,,,,,,,,,,,,,,,,,,,,,,,,,,,,,,,,,,,,,,,,,,,,,,,,,,,,,,,,,,,,,,,,,,,,,,,,,,,,,,,,,,,,,,,,,,,,,,,,,,,,,,,,,,,,,,,,,,,,,,,,
,,,,,,,,,,,,,,,,,,,,,,,,,,,,,,,,,,,,,,,,,,,,,,,,,,,,,,,,,,,,,,,,,,,,,,,,,,,,,,,,,,,,,,,,,,,,,,,,,,,,,,,,,,,,,,,,,,,,,,,,,,,,,,,,,,,,,,,,,,,,,,,,,,,,,,,,,,NO = 1,Yes = 1
,,,,,,,,,,,,,,,,,,,,,,,,,,,,,,,,,,,,,,,,,,,,,,,,,,,,,,,,,,,,,,,,,,,,,,,,,,,,,,,,,,,,,,,,,,,,,,,,,,,,,,,,,,,,,,,,,,,,,,,,,,,,,,,,,,,,,,,,,,,,,,,,,,,,,,,,,,A little = 2,No = 0
,,,,,,,,,,,,,,,,,,,,,,,,,,,,,,,,,,,,,,,,,,,,,,,,,,,,,,,,,,,,,,,,,,,,,,,,,,,,,,,,,,,,,,,,,,,,,,,,,,,,,,,,,,,,,,,,,,,,,,,,,,,,,,,,,,,,,,,,,,,,,,,,,,,,,,,,,,Very = 3,
